-- IronBlood_Z46_XP2
-- Author: jjj
-- DateCreated: 2023/11/1 12:52:34
--------------------------------------------------------------
--Trait
INSERT INTO TraitModifiers
		(TraitType,								ModifierId)
VALUES	('TRAIT_LEADER_THE_GIRL_PURSUING_NAME',	'Z46_AUTO_THEME'),
		('TRAIT_LEADER_THE_GIRL_PURSUING_NAME',	'Z46_WONDER_AUTO_THEME'),
		('TRAIT_LEADER_THE_GIRL_PURSUING_NAME',	'Z46_THEMED_YIELD_MODIFIER'),
		('TRAIT_LEADER_THE_GIRL_PURSUING_NAME',	'Z46_THEMED_TOURISM_MODIFIER'),
		('TRAIT_LEADER_THE_GIRL_PURSUING_NAME',	'Z46_GREATWRITING_ADD_CULTURE');

INSERT INTO Modifiers
		(ModifierId,					ModifierType)
VALUES	('Z46_AUTO_THEME',				'MODIFIER_PLAYER_ADJUST_AUTO_THEME_BUILDINGS_WITH_X_SLOTS'),
		('Z46_WONDER_AUTO_THEME',		'MODIFIER_PLAYER_ADJUST_AUTO_THEME_BUILDINGS_WITH_X_SLOTS'),
		('Z46_THEMED_YIELD_MODIFIER',	'MODIFIER_PLAYER_ADJUST_THEMED_ALL_YIELDS'),
		('Z46_THEMED_TOURISM_MODIFIER',	'MODIFIER_PLAYER_ADJUST_THEMED_TOURISM'),
		('Z46_GREATWRITING_ADD_CULTURE','MODIFIER_PLAYER_CITIES_ADJUST_GREATWORK_YIELD');

INSERT INTO ModifierArguments
		(ModifierId,					Name,					Value)
VALUES	('Z46_AUTO_THEME',				'Amount',				'1'),
		('Z46_AUTO_THEME',				'IsWonder',				'false'),
		('Z46_WONDER_AUTO_THEME',		'Amount',				'1'),
		('Z46_WONDER_AUTO_THEME',		'IsWonder',				'true'),
		('Z46_THEMED_YIELD_MODIFIER',	'Amount',				'100'),
		('Z46_THEMED_TOURISM_MODIFIER',	'Amount',				'100'),
		('Z46_GREATWRITING_ADD_CULTURE','GreatWorkObjectType',	'GREATWORKOBJECT_WRITING'),
		('Z46_GREATWRITING_ADD_CULTURE','YieldChange',			'2'),
		('Z46_GREATWRITING_ADD_CULTURE','YieldType',			'YIELD_CULTURE');


--Units_XP2
INSERT INTO Units_XP2
		(UnitType,		ResourceCost,	ResourceMaintenanceType,ResourceMaintenanceAmount)
VALUES	('UNIT_1936C',	1,				'RESOURCE_OIL',			1);

--Update
UPDATE Traits
SET Description = 'LOC_TRAIT_LEADER_THE_GIRL_PURSUING_NAME_DESCRIPTION_XP2'
WHERE TraitType = 'TRAIT_LEADER_THE_GIRL_PURSUING_NAME';

--Delete
DELETE FROM TraitModifiers
WHERE ModifierId = 'Z46_GREATWRITING_TOURISM_BUFF';