-- IronBlood_Core
-- Author: HSbF6HSO3F
-- DateCreated: 8/22/2023 10:31:31 AM
--------------------------------------------------------------
-- Modifiers
INSERT INTO Modifiers
	(ModifierId,									ModifierType)
VALUES
	('IRON_BLOOD_KANSEN_UNLOCKED_TECH_SAILING',		'MODIFIER_IRON_BLOOD_PLAYER_GRANT_SPECIFIC_TECHNOLOGY'),
	('IRON_BLOOD_KANSEN_UNLOCKED_TECH_SHIPBUILDING','MODIFIER_IRON_BLOOD_PLAYER_GRANT_SPECIFIC_TECHNOLOGY');

INSERT INTO ModifierArguments
	(ModifierId,									Name,		Value)
VALUES
	('IRON_BLOOD_KANSEN_UNLOCKED_TECH_SAILING',		'TechType',	'TECH_SAILING'),
	('IRON_BLOOD_KANSEN_UNLOCKED_TECH_SHIPBUILDING','TechType',	'TECH_SHIPBUILDING');

-- 自定义Modifier
INSERT INTO Types
	(Type,																											Kind)
VALUES
	('MODIFIER_IRON_BLOOD_OWNER_CITY_ADJUST_GREATWORK_YIELD',														'KIND_MODIFIER'),
	('MODIFIER_IRON_BLOOD_PLAYER_ALLOW_PROJECT',																	'KIND_MODIFIER'),
	('MODIFIER_IRON_BLOOD_PLAYER_DISTRICT_ADJUST_PLAYER_DISTRICT_AND_BUILDINGS_CREATE_UNIT_WITH_ABILITY_BY_CLASS',	'KIND_MODIFIER'),
	('MODIFIER_IRON_BLOOD_PLAYER_GRANT_SPECIFIC_TECHNOLOGY',														'KIND_MODIFIER'),
	('MODIFIER_IRON_BLOOD_PLAYER_DISTRICT_ADJUST_TOURISM_ADJACENCY_YIELD_MOFIFIER',									'KIND_MODIFIER'),
	('MODIFIER_IRON_BLOOD_SINGLE_CITY_ADJUST_BUILDING_YIELD_CHANGE', 												'KIND_MODIFIER'),
	('MODIFIER_IRON_BLOOD_PLAYER_UNITS_ADJUST_PROPERTY',															'KIND_MODIFIER');

INSERT INTO DynamicModifiers
	(ModifierType,																									EffectType,																		CollectionType)
VALUES
	('MODIFIER_IRON_BLOOD_OWNER_CITY_ADJUST_GREATWORK_YIELD',														'EFFECT_ADJUST_CITY_GREATWORK_YIELD',											'COLLECTION_OWNER_CITY'),
	('MODIFIER_IRON_BLOOD_PLAYER_ALLOW_PROJECT',																	'EFFECT_ADD_PLAYER_PROJECT_AVAILABILITY',										'COLLECTION_OWNER'),
	('MODIFIER_IRON_BLOOD_PLAYER_DISTRICT_ADJUST_PLAYER_DISTRICT_AND_BUILDINGS_CREATE_UNIT_WITH_ABILITY_BY_CLASS',	'EFFECT_ADJUST_PLAYER_DISTRICT_AND_BUILDINGS_CREATE_UNIT_WITH_ABILITY_BY_CLASS','COLLECTION_OWNER'),
	('MODIFIER_IRON_BLOOD_PLAYER_GRANT_SPECIFIC_TECHNOLOGY',														'EFFECT_GRANT_PLAYER_SPECIFIC_TECHNOLOGY',										'COLLECTION_OWNER'),
	('MODIFIER_IRON_BLOOD_PLAYER_DISTRICT_ADJUST_TOURISM_ADJACENCY_YIELD_MOFIFIER',									'EFFECT_ADJUST_DISTRICT_TOURISM_ADJACENCY_YIELD_MOFIFIER',						'COLLECTION_OWNER'),
	('MODIFIER_IRON_BLOOD_SINGLE_CITY_ADJUST_BUILDING_YIELD_CHANGE', 												'EFFECT_ADJUST_BUILDING_YIELD_CHANGE', 											'COLLECTION_OWNER'),
	('MODIFIER_IRON_BLOOD_PLAYER_UNITS_ADJUST_PROPERTY',															'EFFECT_ADJUST_UNIT_PROPERTY',													'COLLECTION_PLAYER_UNITS');

-- 条件集合
INSERT INTO RequirementSets
	(RequirementSetId,								RequirementSetType)
VALUES
	('VIIC_NEXT_IS_VIIC',							'REQUIREMENTSET_TEST_ALL'),
	('IRON_BLOOD_OPPONENT_UNIT_IS_HEAVY_CAVALRY',	'REQUIREMENTSET_TEST_ALL'),
	('IRON_BLOOD_CITY_HAS_KRUPP',					'REQUIREMENTSET_TEST_ALL'),
	('IRON_BLOOD_PLAYER_HAS_CONSTRUCTION',			'REQUIREMENTSET_TEST_ALL'),
	('IRON_BLOOD_PLAYER_IS_AT_WAR',					'REQUIREMENTSET_TEST_ALL'),
	('IRON_BLOOD_PLAYER_IS_NOT_AT_WAR',				'REQUIREMENTSET_TEST_ALL'),
	('IRON_BLOOD_6_PLOTS_AWAY_MAX_UNIT',			'REQUIREMENTSET_TEST_ALL'),
	('IRON_BLOOD_CITY_NOT_FOUND',					'REQUIREMENTSET_TEST_ALL'),
	('IRON_BLOOD_PLAYER_IS_NOT_FRIEND',				'REQUIREMENTSET_TEST_ALL'),
	('IRON_BLOOD_PLAYER_HAS_FLIGHT',				'REQUIREMENTSET_TEST_ALL'),
	('IRON_BLOOD_UNIT_IN_ENEMY_TERRITORY',			'REQUIREMENTSET_TEST_ALL'),
	('IRON_BLOOD_DISTRICT_IS_RUHR',					'REQUIREMENTSET_TEST_ALL'),
	('IRON_BLOOD_PLAYER_IS_ATTACKER', 				'REQUIREMENTSET_TEST_ALL'),
	('IRON_BLOOD_PLAYER_IS_DEFENDER', 				'REQUIREMENTSET_TEST_ALL'),
	('IRON_BLOOD_UNITS_IN_TWO_TILES', 				'REQUIREMENTSET_TEST_ALL'),
	('IRON_BLOOD_TERRAIN_OCEAN', 					'REQUIREMENTSET_TEST_ALL');

INSERT INTO RequirementSetRequirements
	(RequirementSetId,								RequirementId)
VALUES
	('VIIC_NEXT_IS_VIIC',							'REQ_IRON_BLOOD_UNIT_NEXT_FRIENDLY_UNIT_TYPE_IS_VIIC'),
	('IRON_BLOOD_OPPONENT_UNIT_IS_HEAVY_CAVALRY',	'REQ_IRON_BLOOD_OPPONENT_UNIT_IS_HEAVY_CAVALRY'),
	('IRON_BLOOD_CITY_HAS_KRUPP',					'REQ_IRON_BLOOD_CITY_HAS_KRUPP'),
	('IRON_BLOOD_PLAYER_HAS_CONSTRUCTION',			'REQ_IRON_BOOLD_PLAYER_HAS_CONSTRUCTION'),
	('IRON_BLOOD_PLAYER_IS_AT_WAR',					'REQ_IRON_BLOOD_PLAYER_IS_AT_WAR'),
	('IRON_BLOOD_PLAYER_IS_NOT_AT_WAR',				'REQ_IRON_BLOOD_PLAYER_IS_NOT_AT_WAR'),
	('IRON_BLOOD_6_PLOTS_AWAY_MAX_UNIT',			'REQ_IRON_BLOOD_6_PLOTS_AWAY_MAX_UNIT'),
	('IRON_BLOOD_CITY_NOT_FOUND',					'REQ_IRON_BLOOD_CITY_NOT_FOUND'),
	('IRON_BLOOD_PLAYER_IS_NOT_FRIEND',				'REQ_IRON_BLOOD_PLAYER_IS_NOT_FRIEND'),
	('IRON_BLOOD_PLAYER_IS_NOT_FRIEND',				'REQUIRES_MAJOR_CIV_OPPONENT'),
	('IRON_BLOOD_PLAYER_HAS_FLIGHT',				'REQ_IRON_BLOOD_PLAYER_HAS_FLIGHT'),
	('IRON_BLOOD_UNIT_IN_ENEMY_TERRITORY',			'REQ_IRON_BLOOD_UNIT_IN_ENEMY_TERRITORY'),
	('IRON_BLOOD_DISTRICT_IS_RUHR',					'REQ_IRON_BLOOD_DISTRICT_IS_RUHR'),
	('IRON_BLOOD_PLAYER_IS_ATTACKER', 				'REQ_IRON_BLOOD_PLAYER_IS_ATTACKER'),
	('IRON_BLOOD_PLAYER_IS_DEFENDER', 				'REQ_IRON_BLOOD_PLAYER_IS_DEFENDER'),
	('IRON_BLOOD_UNITS_IN_TWO_TILES', 				'REQ_NAME_IRON_BLOOD_UNITS_IN_TWO_TILES'),
	('IRON_BLOOD_TERRAIN_OCEAN', 					'REQ_IRON_BLOOD_TERRAIN_OCEAN');

INSERT INTO Requirements
	(RequirementId,											RequirementType,										Inverse)
VALUES
	('REQ_IRON_BLOOD_UNIT_NEXT_FRIENDLY_UNIT_TYPE_IS_VIIC',	'REQUIREMENT_PLOT_ADJACENT_FRIENDLY_UNIT_TYPE_MATCHES',	0),
	('REQ_IRON_BLOOD_OPPONENT_UNIT_IS_HEAVY_CAVALRY',		'REQUIREMENT_OPPONENT_UNIT_TAG_MATCHES',				0),
	('REQ_IRON_BLOOD_CITY_HAS_KRUPP',						'REQUIREMENT_CITY_HAS_DISTRICT',						0),
	('REQ_IRON_BOOLD_PLAYER_HAS_CONSTRUCTION',				'REQUIREMENT_PLAYER_HAS_TECHNOLOGY',					0),
	('REQ_IRON_BLOOD_PLAYER_IS_AT_WAR',						'REQUIREMENT_PLAYER_IS_AT_WAR',							0),
	('REQ_IRON_BLOOD_PLAYER_IS_NOT_AT_WAR', 				'REQUIREMENT_PLAYER_IS_AT_WAR',							1),
	('REQ_IRON_BLOOD_6_PLOTS_AWAY_MAX_UNIT',				'REQUIREMENT_PLOT_ADJACENT_TO_OWNER',					0),
	('REQ_IRON_BLOOD_CITY_NOT_FOUND',						'REQUIREMENT_CITY_IS_ORIGINAL_OWNER',					1),
	('REQ_IRON_BLOOD_PLAYER_IS_NOT_FRIEND', 				'REQUIREMENT_DECLARED_FRIEND',							1),
	('REQ_IRON_BLOOD_PLAYER_HAS_FLIGHT',					'REQUIREMENT_PLAYER_HAS_TECHNOLOGY',					0),
	('REQ_IRON_BLOOD_UNIT_IN_ENEMY_TERRITORY',				'REQUIREMENT_UNIT_IN_ENEMY_TERRITORY',					0),
	('REQ_IRON_BLOOD_DISTRICT_IS_RUHR',						'REQUIREMENT_DISTRICT_TYPE_MATCHES',					0),
	('REQ_IRON_BLOOD_PLAYER_IS_ATTACKER', 					'REQUIREMENT_PLAYER_IS_ATTACKING',						0),
	('REQ_IRON_BLOOD_PLAYER_IS_DEFENDER', 					'REQUIREMENT_PLAYER_IS_ATTACKING',						1),
	('REQ_NAME_IRON_BLOOD_UNITS_IN_TWO_TILES', 				'REQUIREMENT_PLOT_ADJACENT_TO_OWNER',					0),
	('REQ_IRON_BLOOD_TERRAIN_OCEAN', 						'REQUIREMENT_PLOT_TERRAIN_TYPE_MATCHES',				0);

INSERT INTO RequirementArguments
	(RequirementId,											Name,				Value)
VALUES	
	('REQ_IRON_BLOOD_UNIT_NEXT_FRIENDLY_UNIT_TYPE_IS_VIIC',	'UnitType',			'UNIT_VIIC_UBOAT'),
	('REQ_IRON_BLOOD_OPPONENT_UNIT_IS_HEAVY_CAVALRY',		'Tag',				'CLASS_HEAVY_CAVALRY'),	
	('REQ_IRON_BLOOD_CITY_HAS_KRUPP',						'DistrictType',		'DISTRICT_KRUPP'),
	('REQ_IRON_BOOLD_PLAYER_HAS_CONSTRUCTION',				'TechnologyType',	'TECH_CONSTRUCTION'),
	('REQ_IRON_BLOOD_6_PLOTS_AWAY_MAX_UNIT',				'MaxDistance',		'6'),
	('REQ_IRON_BLOOD_6_PLOTS_AWAY_MAX_UNIT',				'MinDistance',		'0'),
	('REQ_IRON_BLOOD_PLAYER_HAS_FLIGHT',					'TechnologyType',	'TECH_FLIGHT'),
	('REQ_IRON_BLOOD_DISTRICT_IS_RUHR',						'DistrictType',		'DISTRICT_RUHR'),
	('REQ_NAME_IRON_BLOOD_UNITS_IN_TWO_TILES', 				'MaxDistance', 		'2'),
	('REQ_NAME_IRON_BLOOD_UNITS_IN_TWO_TILES', 				'MinDistance', 		'0'),
	('REQ_IRON_BLOOD_TERRAIN_OCEAN', 						'TerrainType', 		'TERRAIN_OCEAN');

-- Tags
INSERT INTO Tags
	(Tag,						Vocabulary)
VALUES
	('CLASS_IRON_BLOOD_GENERAL','ABILITY_CLASS'),
	('CLASS_IRON_BLOOD_ADMIRAL','ABILITY_CLASS');

INSERT INTO TypeTags
	(Type,					Tag)
VALUES
	('UNIT_GREAT_GENERAL',	'CLASS_IRON_BLOOD_GENERAL'),
	('UNIT_GREAT_ADMIRAL',	'CLASS_IRON_BLOOD_ADMIRAL');